<TextureAtlas imagePath="spritesheet_tiles.png">
	<SubTexture name="land_dirt01.png" x="0" y="1664" width="128" height="128"/>
	<SubTexture name="land_dirt02.png" x="0" y="1536" width="128" height="128"/>
	<SubTexture name="land_dirt03.png" x="0" y="1408" width="128" height="128"/>
	<SubTexture name="land_dirt04.png" x="0" y="1280" width="128" height="128"/>
	<SubTexture name="land_dirt05.png" x="0" y="1152" width="128" height="128"/>
	<SubTexture name="land_dirt06.png" x="0" y="1024" width="128" height="128"/>
	<SubTexture name="land_dirt07.png" x="0" y="896" width="128" height="128"/>
	<SubTexture name="land_dirt08.png" x="0" y="768" width="128" height="128"/>
	<SubTexture name="land_dirt09.png" x="0" y="640" width="128" height="128"/>
	<SubTexture name="land_dirt10.png" x="0" y="512" width="128" height="128"/>
	<SubTexture name="land_dirt11.png" x="0" y="384" width="128" height="128"/>
	<SubTexture name="land_dirt12.png" x="0" y="256" width="128" height="128"/>
	<SubTexture name="land_dirt13.png" x="0" y="128" width="128" height="128"/>
	<SubTexture name="land_dirt14.png" x="0" y="0" width="128" height="128"/>
	<SubTexture name="land_grass01.png" x="1536" y="640" width="128" height="128"/>
	<SubTexture name="land_grass02.png" x="1536" y="512" width="128" height="128"/>
	<SubTexture name="land_grass03.png" x="1536" y="384" width="128" height="128"/>
	<SubTexture name="land_grass04.png" x="1536" y="256" width="128" height="128"/>
	<SubTexture name="land_grass05.png" x="1536" y="128" width="128" height="128"/>
	<SubTexture name="land_grass06.png" x="1536" y="0" width="128" height="128"/>
	<SubTexture name="land_grass07.png" x="1408" y="2176" width="128" height="128"/>
	<SubTexture name="land_grass08.png" x="1408" y="2048" width="128" height="128"/>
	<SubTexture name="land_grass09.png" x="1408" y="1920" width="128" height="128"/>
	<SubTexture name="land_grass10.png" x="1408" y="1792" width="128" height="128"/>
	<SubTexture name="land_grass11.png" x="1408" y="1664" width="128" height="128"/>
	<SubTexture name="land_grass12.png" x="1408" y="1536" width="128" height="128"/>
	<SubTexture name="land_grass13.png" x="1408" y="1408" width="128" height="128"/>
	<SubTexture name="land_grass14.png" x="1408" y="1280" width="128" height="128"/>
	<SubTexture name="land_sand01.png" x="1408" y="1152" width="128" height="128"/>
	<SubTexture name="land_sand02.png" x="1408" y="1024" width="128" height="128"/>
	<SubTexture name="land_sand03.png" x="1408" y="896" width="128" height="128"/>
	<SubTexture name="land_sand04.png" x="1408" y="768" width="128" height="128"/>
	<SubTexture name="land_sand05.png" x="1408" y="640" width="128" height="128"/>
	<SubTexture name="land_sand06.png" x="1408" y="512" width="128" height="128"/>
	<SubTexture name="land_sand07.png" x="1408" y="384" width="128" height="128"/>
	<SubTexture name="land_sand08.png" x="1408" y="256" width="128" height="128"/>
	<SubTexture name="land_sand09.png" x="1408" y="128" width="128" height="128"/>
	<SubTexture name="land_sand10.png" x="1408" y="0" width="128" height="128"/>
	<SubTexture name="land_sand11.png" x="1280" y="2176" width="128" height="128"/>
	<SubTexture name="land_sand12.png" x="1280" y="2048" width="128" height="128"/>
	<SubTexture name="land_sand13.png" x="1280" y="1920" width="128" height="128"/>
	<SubTexture name="land_sand14.png" x="1280" y="1792" width="128" height="128"/>
	<SubTexture name="road_asphalt01.png" x="640" y="1664" width="128" height="128"/>
	<SubTexture name="road_asphalt02.png" x="640" y="1536" width="128" height="128"/>
	<SubTexture name="road_asphalt03.png" x="640" y="1408" width="128" height="128"/>
	<SubTexture name="road_asphalt04.png" x="640" y="1280" width="128" height="128"/>
	<SubTexture name="road_asphalt05.png" x="640" y="1152" width="128" height="128"/>
	<SubTexture name="road_asphalt06.png" x="640" y="1024" width="128" height="128"/>
	<SubTexture name="road_asphalt07.png" x="640" y="896" width="128" height="128"/>
	<SubTexture name="road_asphalt08.png" x="640" y="768" width="128" height="128"/>
	<SubTexture name="road_asphalt09.png" x="640" y="640" width="128" height="128"/>
	<SubTexture name="road_asphalt10.png" x="640" y="512" width="128" height="128"/>
	<SubTexture name="road_asphalt11.png" x="640" y="384" width="128" height="128"/>
	<SubTexture name="road_asphalt12.png" x="640" y="256" width="128" height="128"/>
	<SubTexture name="road_asphalt13.png" x="640" y="128" width="128" height="128"/>
	<SubTexture name="road_asphalt14.png" x="640" y="0" width="128" height="128"/>
	<SubTexture name="road_asphalt15.png" x="512" y="2176" width="128" height="128"/>
	<SubTexture name="road_asphalt16.png" x="512" y="2048" width="128" height="128"/>
	<SubTexture name="road_asphalt17.png" x="512" y="1920" width="128" height="128"/>
	<SubTexture name="road_asphalt18.png" x="512" y="1792" width="128" height="128"/>
	<SubTexture name="road_asphalt19.png" x="512" y="1664" width="128" height="128"/>
	<SubTexture name="road_asphalt20.png" x="512" y="1536" width="128" height="128"/>
	<SubTexture name="road_asphalt21.png" x="512" y="1408" width="128" height="128"/>
	<SubTexture name="road_asphalt22.png" x="512" y="1280" width="128" height="128"/>
	<SubTexture name="road_asphalt23.png" x="512" y="1152" width="128" height="128"/>
	<SubTexture name="road_asphalt24.png" x="512" y="1024" width="128" height="128"/>
	<SubTexture name="road_asphalt25.png" x="512" y="896" width="128" height="128"/>
	<SubTexture name="road_asphalt26.png" x="512" y="768" width="128" height="128"/>
	<SubTexture name="road_asphalt27.png" x="512" y="640" width="128" height="128"/>
	<SubTexture name="road_asphalt28.png" x="512" y="512" width="128" height="128"/>
	<SubTexture name="road_asphalt29.png" x="512" y="384" width="128" height="128"/>
	<SubTexture name="road_asphalt30.png" x="512" y="256" width="128" height="128"/>
	<SubTexture name="road_asphalt31.png" x="512" y="128" width="128" height="128"/>
	<SubTexture name="road_asphalt32.png" x="512" y="0" width="128" height="128"/>
	<SubTexture name="road_asphalt33.png" x="384" y="2176" width="128" height="128"/>
	<SubTexture name="road_asphalt34.png" x="384" y="2048" width="128" height="128"/>
	<SubTexture name="road_asphalt35.png" x="384" y="1920" width="128" height="128"/>
	<SubTexture name="road_asphalt36.png" x="384" y="1792" width="128" height="128"/>
	<SubTexture name="road_asphalt37.png" x="384" y="1664" width="128" height="128"/>
	<SubTexture name="road_asphalt38.png" x="384" y="1536" width="128" height="128"/>
	<SubTexture name="road_asphalt39.png" x="384" y="1408" width="128" height="128"/>
	<SubTexture name="road_asphalt40.png" x="384" y="1280" width="128" height="128"/>
	<SubTexture name="road_asphalt41.png" x="384" y="1152" width="128" height="128"/>
	<SubTexture name="road_asphalt42.png" x="384" y="1024" width="128" height="128"/>
	<SubTexture name="road_asphalt43.png" x="384" y="896" width="128" height="128"/>
	<SubTexture name="road_asphalt44.png" x="384" y="768" width="128" height="128"/>
	<SubTexture name="road_asphalt45.png" x="384" y="640" width="128" height="128"/>
	<SubTexture name="road_asphalt46.png" x="384" y="512" width="128" height="128"/>
	<SubTexture name="road_asphalt47.png" x="384" y="384" width="128" height="128"/>
	<SubTexture name="road_asphalt48.png" x="384" y="256" width="128" height="128"/>
	<SubTexture name="road_asphalt49.png" x="384" y="128" width="128" height="128"/>
	<SubTexture name="road_asphalt50.png" x="384" y="0" width="128" height="128"/>
	<SubTexture name="road_asphalt51.png" x="256" y="2176" width="128" height="128"/>
	<SubTexture name="road_asphalt52.png" x="256" y="2048" width="128" height="128"/>
	<SubTexture name="road_asphalt53.png" x="256" y="1920" width="128" height="128"/>
	<SubTexture name="road_asphalt54.png" x="256" y="1792" width="128" height="128"/>
	<SubTexture name="road_asphalt55.png" x="256" y="1664" width="128" height="128"/>
	<SubTexture name="road_asphalt56.png" x="256" y="1536" width="128" height="128"/>
	<SubTexture name="road_asphalt57.png" x="256" y="1408" width="128" height="128"/>
	<SubTexture name="road_asphalt58.png" x="256" y="1280" width="128" height="128"/>
	<SubTexture name="road_asphalt59.png" x="256" y="1152" width="128" height="128"/>
	<SubTexture name="road_asphalt60.png" x="256" y="1024" width="128" height="128"/>
	<SubTexture name="road_asphalt61.png" x="256" y="896" width="128" height="128"/>
	<SubTexture name="road_asphalt62.png" x="256" y="768" width="128" height="128"/>
	<SubTexture name="road_asphalt63.png" x="256" y="640" width="128" height="128"/>
	<SubTexture name="road_asphalt64.png" x="256" y="512" width="128" height="128"/>
	<SubTexture name="road_asphalt65.png" x="256" y="384" width="128" height="128"/>
	<SubTexture name="road_asphalt66.png" x="256" y="256" width="128" height="128"/>
	<SubTexture name="road_asphalt67.png" x="256" y="128" width="128" height="128"/>
	<SubTexture name="road_asphalt68.png" x="256" y="0" width="128" height="128"/>
	<SubTexture name="road_asphalt69.png" x="128" y="2176" width="128" height="128"/>
	<SubTexture name="road_asphalt70.png" x="128" y="2048" width="128" height="128"/>
	<SubTexture name="road_asphalt71.png" x="128" y="1920" width="128" height="128"/>
	<SubTexture name="road_asphalt72.png" x="128" y="1792" width="128" height="128"/>
	<SubTexture name="road_asphalt73.png" x="128" y="1664" width="128" height="128"/>
	<SubTexture name="road_asphalt74.png" x="128" y="1536" width="128" height="128"/>
	<SubTexture name="road_asphalt75.png" x="128" y="1408" width="128" height="128"/>
	<SubTexture name="road_asphalt76.png" x="128" y="1280" width="128" height="128"/>
	<SubTexture name="road_asphalt77.png" x="128" y="1152" width="128" height="128"/>
	<SubTexture name="road_asphalt78.png" x="128" y="1024" width="128" height="128"/>
	<SubTexture name="road_asphalt79.png" x="128" y="896" width="128" height="128"/>
	<SubTexture name="road_asphalt80.png" x="128" y="768" width="128" height="128"/>
	<SubTexture name="road_asphalt81.png" x="128" y="640" width="128" height="128"/>
	<SubTexture name="road_asphalt82.png" x="128" y="512" width="128" height="128"/>
	<SubTexture name="road_asphalt83.png" x="128" y="384" width="128" height="128"/>
	<SubTexture name="road_asphalt84.png" x="128" y="256" width="128" height="128"/>
	<SubTexture name="road_asphalt85.png" x="128" y="128" width="128" height="128"/>
	<SubTexture name="road_asphalt86.png" x="128" y="0" width="128" height="128"/>
	<SubTexture name="road_asphalt87.png" x="0" y="2176" width="128" height="128"/>
	<SubTexture name="road_asphalt88.png" x="0" y="2048" width="128" height="128"/>
	<SubTexture name="road_asphalt89.png" x="0" y="1920" width="128" height="128"/>
	<SubTexture name="road_asphalt90.png" x="0" y="1792" width="128" height="128"/>
	<SubTexture name="road_dirt01.png" x="1024" y="1408" width="128" height="128"/>
	<SubTexture name="road_dirt02.png" x="2176" y="512" width="128" height="128"/>
	<SubTexture name="road_dirt03.png" x="2176" y="384" width="128" height="128"/>
	<SubTexture name="road_dirt04.png" x="2176" y="256" width="128" height="128"/>
	<SubTexture name="road_dirt05.png" x="2176" y="128" width="128" height="128"/>
	<SubTexture name="road_dirt06.png" x="2176" y="0" width="128" height="128"/>
	<SubTexture name="road_dirt07.png" x="2048" y="2176" width="128" height="128"/>
	<SubTexture name="road_dirt08.png" x="2048" y="2048" width="128" height="128"/>
	<SubTexture name="road_dirt09.png" x="2048" y="1920" width="128" height="128"/>
	<SubTexture name="road_dirt10.png" x="2048" y="1792" width="128" height="128"/>
	<SubTexture name="road_dirt11.png" x="2048" y="1664" width="128" height="128"/>
	<SubTexture name="road_dirt12.png" x="2048" y="1536" width="128" height="128"/>
	<SubTexture name="road_dirt13.png" x="2048" y="1408" width="128" height="128"/>
	<SubTexture name="road_dirt14.png" x="2048" y="1280" width="128" height="128"/>
	<SubTexture name="road_dirt15.png" x="2048" y="1152" width="128" height="128"/>
	<SubTexture name="road_dirt16.png" x="2048" y="1024" width="128" height="128"/>
	<SubTexture name="road_dirt17.png" x="2048" y="896" width="128" height="128"/>
	<SubTexture name="road_dirt18.png" x="2048" y="768" width="128" height="128"/>
	<SubTexture name="road_dirt19.png" x="2048" y="640" width="128" height="128"/>
	<SubTexture name="road_dirt20.png" x="2048" y="512" width="128" height="128"/>
	<SubTexture name="road_dirt21.png" x="2048" y="384" width="128" height="128"/>
	<SubTexture name="road_dirt22.png" x="2048" y="256" width="128" height="128"/>
	<SubTexture name="road_dirt23.png" x="2048" y="128" width="128" height="128"/>
	<SubTexture name="road_dirt24.png" x="2048" y="0" width="128" height="128"/>
	<SubTexture name="road_dirt25.png" x="1920" y="2176" width="128" height="128"/>
	<SubTexture name="road_dirt26.png" x="1920" y="2048" width="128" height="128"/>
	<SubTexture name="road_dirt27.png" x="1920" y="1920" width="128" height="128"/>
	<SubTexture name="road_dirt28.png" x="1920" y="1792" width="128" height="128"/>
	<SubTexture name="road_dirt29.png" x="1920" y="1664" width="128" height="128"/>
	<SubTexture name="road_dirt30.png" x="1920" y="1536" width="128" height="128"/>
	<SubTexture name="road_dirt31.png" x="1920" y="1408" width="128" height="128"/>
	<SubTexture name="road_dirt32.png" x="1920" y="1280" width="128" height="128"/>
	<SubTexture name="road_dirt33.png" x="1920" y="1152" width="128" height="128"/>
	<SubTexture name="road_dirt34.png" x="1920" y="1024" width="128" height="128"/>
	<SubTexture name="road_dirt35.png" x="1920" y="896" width="128" height="128"/>
	<SubTexture name="road_dirt36.png" x="1920" y="768" width="128" height="128"/>
	<SubTexture name="road_dirt37.png" x="1920" y="640" width="128" height="128"/>
	<SubTexture name="road_dirt38.png" x="1920" y="512" width="128" height="128"/>
	<SubTexture name="road_dirt39.png" x="1920" y="384" width="128" height="128"/>
	<SubTexture name="road_dirt40.png" x="1920" y="256" width="128" height="128"/>
	<SubTexture name="road_dirt41.png" x="1920" y="128" width="128" height="128"/>
	<SubTexture name="road_dirt42.png" x="1920" y="0" width="128" height="128"/>
	<SubTexture name="road_dirt43.png" x="1792" y="2176" width="128" height="128"/>
	<SubTexture name="road_dirt44.png" x="1792" y="2048" width="128" height="128"/>
	<SubTexture name="road_dirt45.png" x="1792" y="1920" width="128" height="128"/>
	<SubTexture name="road_dirt46.png" x="1792" y="1792" width="128" height="128"/>
	<SubTexture name="road_dirt47.png" x="1792" y="1664" width="128" height="128"/>
	<SubTexture name="road_dirt48.png" x="1792" y="1536" width="128" height="128"/>
	<SubTexture name="road_dirt49.png" x="1792" y="1408" width="128" height="128"/>
	<SubTexture name="road_dirt50.png" x="1792" y="1280" width="128" height="128"/>
	<SubTexture name="road_dirt51.png" x="1792" y="1152" width="128" height="128"/>
	<SubTexture name="road_dirt52.png" x="1792" y="1024" width="128" height="128"/>
	<SubTexture name="road_dirt53.png" x="1792" y="896" width="128" height="128"/>
	<SubTexture name="road_dirt54.png" x="1792" y="768" width="128" height="128"/>
	<SubTexture name="road_dirt55.png" x="1792" y="640" width="128" height="128"/>
	<SubTexture name="road_dirt56.png" x="1792" y="512" width="128" height="128"/>
	<SubTexture name="road_dirt57.png" x="1792" y="384" width="128" height="128"/>
	<SubTexture name="road_dirt58.png" x="1792" y="256" width="128" height="128"/>
	<SubTexture name="road_dirt59.png" x="1792" y="128" width="128" height="128"/>
	<SubTexture name="road_dirt60.png" x="1792" y="0" width="128" height="128"/>
	<SubTexture name="road_dirt61.png" x="1664" y="2176" width="128" height="128"/>
	<SubTexture name="road_dirt62.png" x="1664" y="2048" width="128" height="128"/>
	<SubTexture name="road_dirt63.png" x="1664" y="1920" width="128" height="128"/>
	<SubTexture name="road_dirt64.png" x="1664" y="1792" width="128" height="128"/>
	<SubTexture name="road_dirt65.png" x="1664" y="1664" width="128" height="128"/>
	<SubTexture name="road_dirt66.png" x="1664" y="1536" width="128" height="128"/>
	<SubTexture name="road_dirt67.png" x="1664" y="1408" width="128" height="128"/>
	<SubTexture name="road_dirt68.png" x="1664" y="1280" width="128" height="128"/>
	<SubTexture name="road_dirt69.png" x="1664" y="1152" width="128" height="128"/>
	<SubTexture name="road_dirt70.png" x="1664" y="1024" width="128" height="128"/>
	<SubTexture name="road_dirt71.png" x="1664" y="896" width="128" height="128"/>
	<SubTexture name="road_dirt72.png" x="1664" y="768" width="128" height="128"/>
	<SubTexture name="road_dirt73.png" x="1664" y="640" width="128" height="128"/>
	<SubTexture name="road_dirt74.png" x="1664" y="512" width="128" height="128"/>
	<SubTexture name="road_dirt75.png" x="1664" y="384" width="128" height="128"/>
	<SubTexture name="road_dirt76.png" x="1664" y="256" width="128" height="128"/>
	<SubTexture name="road_dirt77.png" x="1664" y="128" width="128" height="128"/>
	<SubTexture name="road_dirt78.png" x="1664" y="0" width="128" height="128"/>
	<SubTexture name="road_dirt79.png" x="1536" y="2176" width="128" height="128"/>
	<SubTexture name="road_dirt80.png" x="1536" y="2048" width="128" height="128"/>
	<SubTexture name="road_dirt81.png" x="1536" y="1920" width="128" height="128"/>
	<SubTexture name="road_dirt82.png" x="1536" y="1792" width="128" height="128"/>
	<SubTexture name="road_dirt83.png" x="1536" y="1664" width="128" height="128"/>
	<SubTexture name="road_dirt84.png" x="1536" y="1536" width="128" height="128"/>
	<SubTexture name="road_dirt85.png" x="1536" y="1408" width="128" height="128"/>
	<SubTexture name="road_dirt86.png" x="1536" y="1280" width="128" height="128"/>
	<SubTexture name="road_dirt87.png" x="1536" y="1152" width="128" height="128"/>
	<SubTexture name="road_dirt88.png" x="1536" y="1024" width="128" height="128"/>
	<SubTexture name="road_dirt89.png" x="1536" y="896" width="128" height="128"/>
	<SubTexture name="road_dirt90.png" x="1536" y="768" width="128" height="128"/>
	<SubTexture name="road_sand01.png" x="1280" y="1664" width="128" height="128"/>
	<SubTexture name="road_sand02.png" x="1280" y="1536" width="128" height="128"/>
	<SubTexture name="road_sand03.png" x="1280" y="1408" width="128" height="128"/>
	<SubTexture name="road_sand04.png" x="1280" y="1280" width="128" height="128"/>
	<SubTexture name="road_sand05.png" x="1280" y="1152" width="128" height="128"/>
	<SubTexture name="road_sand06.png" x="1280" y="1024" width="128" height="128"/>
	<SubTexture name="road_sand07.png" x="1280" y="896" width="128" height="128"/>
	<SubTexture name="road_sand08.png" x="1280" y="768" width="128" height="128"/>
	<SubTexture name="road_sand09.png" x="1280" y="640" width="128" height="128"/>
	<SubTexture name="road_sand10.png" x="1280" y="512" width="128" height="128"/>
	<SubTexture name="road_sand11.png" x="1280" y="384" width="128" height="128"/>
	<SubTexture name="road_sand12.png" x="1280" y="256" width="128" height="128"/>
	<SubTexture name="road_sand13.png" x="1280" y="128" width="128" height="128"/>
	<SubTexture name="road_sand14.png" x="1280" y="0" width="128" height="128"/>
	<SubTexture name="road_sand15.png" x="1152" y="2176" width="128" height="128"/>
	<SubTexture name="road_sand16.png" x="1152" y="2048" width="128" height="128"/>
	<SubTexture name="road_sand17.png" x="1152" y="1920" width="128" height="128"/>
	<SubTexture name="road_sand18.png" x="1152" y="1792" width="128" height="128"/>
	<SubTexture name="road_sand19.png" x="1152" y="1664" width="128" height="128"/>
	<SubTexture name="road_sand20.png" x="1152" y="1536" width="128" height="128"/>
	<SubTexture name="road_sand21.png" x="1152" y="1408" width="128" height="128"/>
	<SubTexture name="road_sand22.png" x="1152" y="1280" width="128" height="128"/>
	<SubTexture name="road_sand23.png" x="1152" y="1152" width="128" height="128"/>
	<SubTexture name="road_sand24.png" x="1152" y="1024" width="128" height="128"/>
	<SubTexture name="road_sand25.png" x="1152" y="896" width="128" height="128"/>
	<SubTexture name="road_sand26.png" x="1152" y="768" width="128" height="128"/>
	<SubTexture name="road_sand27.png" x="1152" y="640" width="128" height="128"/>
	<SubTexture name="road_sand28.png" x="1152" y="512" width="128" height="128"/>
	<SubTexture name="road_sand29.png" x="1152" y="384" width="128" height="128"/>
	<SubTexture name="road_sand30.png" x="1152" y="256" width="128" height="128"/>
	<SubTexture name="road_sand31.png" x="1152" y="128" width="128" height="128"/>
	<SubTexture name="road_sand32.png" x="1152" y="0" width="128" height="128"/>
	<SubTexture name="road_sand33.png" x="1024" y="2176" width="128" height="128"/>
	<SubTexture name="road_sand34.png" x="1024" y="2048" width="128" height="128"/>
	<SubTexture name="road_sand35.png" x="1024" y="1920" width="128" height="128"/>
	<SubTexture name="road_sand36.png" x="1024" y="1792" width="128" height="128"/>
	<SubTexture name="road_sand37.png" x="1024" y="1664" width="128" height="128"/>
	<SubTexture name="road_sand38.png" x="1024" y="1536" width="128" height="128"/>
	<SubTexture name="road_sand39.png" x="2176" y="640" width="128" height="128"/>
	<SubTexture name="road_sand40.png" x="1024" y="1280" width="128" height="128"/>
	<SubTexture name="road_sand41.png" x="1024" y="1152" width="128" height="128"/>
	<SubTexture name="road_sand42.png" x="1024" y="1024" width="128" height="128"/>
	<SubTexture name="road_sand43.png" x="1024" y="896" width="128" height="128"/>
	<SubTexture name="road_sand44.png" x="1024" y="768" width="128" height="128"/>
	<SubTexture name="road_sand45.png" x="1024" y="640" width="128" height="128"/>
	<SubTexture name="road_sand46.png" x="1024" y="512" width="128" height="128"/>
	<SubTexture name="road_sand47.png" x="1024" y="384" width="128" height="128"/>
	<SubTexture name="road_sand48.png" x="1024" y="256" width="128" height="128"/>
	<SubTexture name="road_sand49.png" x="1024" y="128" width="128" height="128"/>
	<SubTexture name="road_sand50.png" x="1024" y="0" width="128" height="128"/>
	<SubTexture name="road_sand51.png" x="896" y="2176" width="128" height="128"/>
	<SubTexture name="road_sand52.png" x="896" y="2048" width="128" height="128"/>
	<SubTexture name="road_sand53.png" x="896" y="1920" width="128" height="128"/>
	<SubTexture name="road_sand54.png" x="896" y="1792" width="128" height="128"/>
	<SubTexture name="road_sand55.png" x="896" y="1664" width="128" height="128"/>
	<SubTexture name="road_sand56.png" x="896" y="1536" width="128" height="128"/>
	<SubTexture name="road_sand57.png" x="896" y="1408" width="128" height="128"/>
	<SubTexture name="road_sand58.png" x="896" y="1280" width="128" height="128"/>
	<SubTexture name="road_sand59.png" x="896" y="1152" width="128" height="128"/>
	<SubTexture name="road_sand60.png" x="896" y="1024" width="128" height="128"/>
	<SubTexture name="road_sand61.png" x="896" y="896" width="128" height="128"/>
	<SubTexture name="road_sand62.png" x="896" y="768" width="128" height="128"/>
	<SubTexture name="road_sand63.png" x="896" y="640" width="128" height="128"/>
	<SubTexture name="road_sand64.png" x="896" y="512" width="128" height="128"/>
	<SubTexture name="road_sand65.png" x="896" y="384" width="128" height="128"/>
	<SubTexture name="road_sand66.png" x="896" y="256" width="128" height="128"/>
	<SubTexture name="road_sand67.png" x="896" y="128" width="128" height="128"/>
	<SubTexture name="road_sand68.png" x="896" y="0" width="128" height="128"/>
	<SubTexture name="road_sand69.png" x="768" y="2176" width="128" height="128"/>
	<SubTexture name="road_sand70.png" x="768" y="2048" width="128" height="128"/>
	<SubTexture name="road_sand71.png" x="768" y="1920" width="128" height="128"/>
	<SubTexture name="road_sand72.png" x="768" y="1792" width="128" height="128"/>
	<SubTexture name="road_sand73.png" x="768" y="1664" width="128" height="128"/>
	<SubTexture name="road_sand74.png" x="768" y="1536" width="128" height="128"/>
	<SubTexture name="road_sand75.png" x="768" y="1408" width="128" height="128"/>
	<SubTexture name="road_sand76.png" x="768" y="1280" width="128" height="128"/>
	<SubTexture name="road_sand77.png" x="768" y="1152" width="128" height="128"/>
	<SubTexture name="road_sand78.png" x="768" y="1024" width="128" height="128"/>
	<SubTexture name="road_sand79.png" x="768" y="896" width="128" height="128"/>
	<SubTexture name="road_sand80.png" x="768" y="768" width="128" height="128"/>
	<SubTexture name="road_sand81.png" x="768" y="640" width="128" height="128"/>
	<SubTexture name="road_sand82.png" x="768" y="512" width="128" height="128"/>
	<SubTexture name="road_sand83.png" x="768" y="384" width="128" height="128"/>
	<SubTexture name="road_sand84.png" x="768" y="256" width="128" height="128"/>
	<SubTexture name="road_sand85.png" x="768" y="128" width="128" height="128"/>
	<SubTexture name="road_sand86.png" x="768" y="0" width="128" height="128"/>
	<SubTexture name="road_sand87.png" x="640" y="2176" width="128" height="128"/>
	<SubTexture name="road_sand88.png" x="640" y="2048" width="128" height="128"/>
	<SubTexture name="road_sand89.png" x="640" y="1920" width="128" height="128"/>
	<SubTexture name="road_sand90.png" x="640" y="1792" width="128" height="128"/>
</TextureAtlas>
